{
  "Logistic Regression": {
    "best_params": {
      "C": 10,
      "solver": "lbfgs"
    },
    "cv_accuracy": [
      0.6058823529411764,
      0.6617647058823529,
      0.6323529411764706,
      0.6441176470588236,
      0.6617647058823529
    ],
    "cv_precision": [
      0.5927690214841917,
      0.6493380927952576,
      0.6188462556815674,
      0.6383739469043886,
      0.6636535087719299
    ],
    "cv_recall": [
      0.6058823529411764,
      0.6617647058823529,
      0.6323529411764706,
      0.6441176470588236,
      0.6617647058823529
    ],
    "cv_f1": [
      0.5709030342333479,
      0.6300739149355066,
      0.6018412745720888,
      0.619702684259959,
      0.6305867645963106
    ],
    "cv_roc_auc": [
      0.725001574527765,
      0.7714935300492423,
      0.7454119584528726,
      0.7624754866989752,
      0.7639469359607967
    ],
    "mean_accuracy": 0.6411764705882352,
    "std_accuracy": 0.020880281587410423,
    "mean_f1": 0.6106215345194427,
    "std_f1": 0.02242375983729239,
    "mean_roc_auc": 0.7536658971379303,
    "std_roc_auc": 0.01667875305439933
  },
  "Random Forest": {
    "best_params": {
      "max_depth": 15,
      "min_samples_split": 10,
      "n_estimators": 200
    },
    "cv_accuracy": [
      0.65,
      0.6676470588235294,
      0.65,
      0.6705882352941176,
      0.6735294117647059
    ],
    "cv_precision": [
      0.6760615115079079,
      0.6750467407076682,
      0.6542414433093499,
      0.6922963506955706,
      0.7015646058867006
    ],
    "cv_recall": [
      0.65,
      0.6676470588235294,
      0.65,
      0.6705882352941176,
      0.6735294117647059
    ],
    "cv_f1": [
      0.6005632807490393,
      0.6170045260369642,
      0.6098970208121683,
      0.6425187603900991,
      0.6199641727400342
    ],
    "cv_roc_auc": [
      0.7828901918187632,
      0.7753247619718918,
      0.7631444450448591,
      0.771880153932185,
      0.7905911879227582
    ],
    "mean_accuracy": 0.6623529411764706,
    "std_accuracy": 0.010256232808330984,
    "mean_f1": 0.6179895521456611,
    "std_f1": 0.01396936260677505,
    "mean_roc_auc": 0.7767661481380915,
    "std_roc_auc": 0.009382291454339194
  },
  "Gradient Boosting": {
    "best_params": {
      "learning_rate": 0.2,
      "max_depth": 3,
      "n_estimators": 100
    },
    "cv_accuracy": [
      0.65,
      0.6764705882352942,
      0.6705882352941176,
      0.6470588235294118,
      0.6941176470588235
    ],
    "cv_precision": [
      0.6432541302793777,
      0.6714685022945349,
      0.6664368181186078,
      0.6399474939335621,
      0.6922797251893085
    ],
    "cv_recall": [
      0.65,
      0.6764705882352942,
      0.6705882352941176,
      0.6470588235294118,
      0.6941176470588235
    ],
    "cv_f1": [
      0.6393224003785406,
      0.6615581745006719,
      0.658698895183594,
      0.6376682095617655,
      0.6812099176134316
    ],
    "cv_roc_auc": [
      0.7931645894669704,
      0.7920535048611651,
      0.8051184685217766,
      0.7869780279765806,
      0.8033934129838743
    ],
    "mean_accuracy": 0.6676470588235294,
    "std_accuracy": 0.01744987879316625,
    "mean_f1": 0.6556915194476007,
    "std_f1": 0.016046422365231214,
    "mean_roc_auc": 0.7961416007620734,
    "std_roc_auc": 0.006967339891474781
  },
  "SVM": {
    "best_params": {
      "C": 1,
      "gamma": "scale",
      "kernel": "rbf"
    },
    "cv_accuracy": [
      0.6205882352941177,
      0.65,
      0.6676470588235294,
      0.6647058823529411,
      0.6617647058823529
    ],
    "cv_precision": [
      0.6418782249742002,
      0.6763873351198064,
      0.6861090596822672,
      0.681515620602308,
      0.7233094213295074
    ],
    "cv_recall": [
      0.6205882352941177,
      0.65,
      0.6676470588235294,
      0.6647058823529411,
      0.6617647058823529
    ],
    "cv_f1": [
      0.567454445395622,
      0.6036838851318271,
      0.6304462808814127,
      0.634868259290264,
      0.6092276711679696
    ],
    "cv_roc_auc": [
      0.7657022709213185,
      0.7860617464590969,
      0.7784826191538322,
      0.7829629960584837,
      0.7916867077401349
    ],
    "mean_accuracy": 0.6529411764705881,
    "std_accuracy": 0.017250445057194308,
    "mean_f1": 0.609136108373419,
    "std_f1": 0.02401400921855365,
    "mean_roc_auc": 0.7809792680665731,
    "std_roc_auc": 0.00876397084989373
  },
  "KNN": {
    "best_params": {
      "metric": "manhattan",
      "n_neighbors": 7,
      "weights": "distance"
    },
    "cv_accuracy": [
      0.6235294117647059,
      0.5794117647058824,
      0.611764705882353,
      0.5882352941176471,
      0.6205882352941177
    ],
    "cv_precision": [
      0.6149664061428767,
      0.5659514121854275,
      0.5960717834213103,
      0.5716074173504514,
      0.6039211079472347
    ],
    "cv_recall": [
      0.6235294117647059,
      0.5794117647058824,
      0.611764705882353,
      0.5882352941176471,
      0.6205882352941177
    ],
    "cv_f1": [
      0.5916907227349935,
      0.5586557016604843,
      0.5920454545454545,
      0.566801896237144,
      0.5907859656562767
    ],
    "cv_roc_auc": [
      0.6954250274857419,
      0.6819536671290893,
      0.6867122168210539,
      0.7056706013464767,
      0.7046008233851184
    ],
    "mean_accuracy": 0.6047058823529412,
    "std_accuracy": 0.017705784639167534,
    "mean_f1": 0.5799959481668706,
    "std_f1": 0.01433786567705314,
    "mean_roc_auc": 0.694872467233496,
    "std_roc_auc": 0.009434309932352973
  },
  "XGBoost": {
    "best_params": {
      "learning_rate": 0.1,
      "max_depth": 3,
      "n_estimators": 200
    },
    "cv_accuracy": [
      0.6794117647058824,
      0.6823529411764706,
      0.65,
      0.65,
      0.6852941176470588
    ],
    "cv_precision": [
      0.6800156014079553,
      0.6764116499038316,
      0.6414876414027149,
      0.644711263976408,
      0.6810705510956203
    ],
    "cv_recall": [
      0.6794117647058824,
      0.6823529411764706,
      0.65,
      0.65,
      0.6852941176470588
    ],
    "cv_f1": [
      0.6640568651127865,
      0.6659067171369131,
      0.6278851577477944,
      0.6379847494553377,
      0.6692501541901165
    ],
    "cv_roc_auc": [
      0.8041939597880073,
      0.7912356866085858,
      0.8039171131788968,
      0.7870655314963898,
      0.7982851028875912
    ],
    "mean_accuracy": 0.6694117647058823,
    "std_accuracy": 0.01595842348970651,
    "mean_f1": 0.6530167287285897,
    "std_f1": 0.016787595275068748,
    "mean_roc_auc": 0.7969394787918942,
    "std_roc_auc": 0.006828669868039268
  },
  "LightGBM": {
    "best_params": {
      "learning_rate": 0.2,
      "max_depth": 3,
      "n_estimators": 100
    },
    "cv_accuracy": [
      0.6529411764705882,
      0.6647058823529411,
      0.6647058823529411,
      0.6676470588235294,
      0.6617647058823529
    ],
    "cv_precision": [
      0.6457308172150695,
      0.6571732979228235,
      0.6603356152261033,
      0.6622682361508767,
      0.6590328604560104
    ],
    "cv_recall": [
      0.6529411764705882,
      0.6647058823529411,
      0.6647058823529411,
      0.6676470588235294,
      0.6617647058823529
    ],
    "cv_f1": [
      0.6368069166456224,
      0.652229138398816,
      0.6527646978331563,
      0.659530763646074,
      0.6442426971896442
    ],
    "cv_roc_auc": [
      0.7899025235787139,
      0.7887665649956285,
      0.7980987680662905,
      0.7950325610893817,
      0.7906403595390561
    ],
    "mean_accuracy": 0.6623529411764706,
    "std_accuracy": 0.005060191333554468,
    "mean_f1": 0.6491148427426626,
    "std_f1": 0.007832426635234592,
    "mean_roc_auc": 0.7924881554538141,
    "std_roc_auc": 0.0035186091399920104
  }
}