{
  "stacking": {
    "accuracy": 0.6966666666666667,
    "f1": 0.6900677999227913,
    "roc_auc": 0.8327809437128292,
    "cv_mean": 0.7241176470588234,
    "cv_std": 0.011676137200752494,
    "confusion_matrix": [
      [
        89,
        0,
        40
      ],
      [
        0,
        7,
        16
      ],
      [
        34,
        1,
        113
      ]
    ]
  },
  "voting": {
    "accuracy": 0.6766666666666666,
    "f1": 0.6639484866011182,
    "roc_auc": 0.8284161435107548,
    "confusion_matrix": [
      [
        85,
        0,
        44
      ],
      [
        0,
        4,
        19
      ],
      [
        33,
        1,
        114
      ]
    ]
  }
}