{
  "AQI": {
    "mean": 0.055000000000000014,
    "std": 0.014925742118158749
  },
  "PM2.5": {
    "mean": 0.023666666666666704,
    "std": 0.015595583420386118
  },
  "SO2 level": {
    "mean": -0.0013333333333333196,
    "std": 0.010456258094238748
  },
  "NO2 level": {
    "mean": -0.00033333333333330774,
    "std": 0.007371114795831979
  },
  "CO2 level": {
    "mean": 0.017333333333333346,
    "std": 0.012183777921664724
  },
  "Humidity": {
    "mean": -0.0043333333333333115,
    "std": 0.008034647195462628
  },
  "Temperature": {
    "mean": 0.011,
    "std": 0.009666666666666664
  },
  "Asthma Symptoms Frequency": {
    "mean": 0.06800000000000003,
    "std": 0.015577761927397233
  },
  "Triggers": {
    "mean": 0.008000000000000018,
    "std": 0.005206833117271103
  },
  "Weather Sensitivity": {
    "mean": 0.002666666666666684,
    "std": 0.013399834161494505
  },
  "Poor Air Quality Exposure": {
    "mean": 0.026666666666666682,
    "std": 0.012472191289246471
  },
  "Night Breathing Difficulty": {
    "mean": 0.021666666666666702,
    "std": 0.007923242882669823
  }
}